{
  "_runtime": 291.873568907,
  "_step": 41,
  "_timestamp": 1769661819.156054,
  "actor/entropy": 0.8005226850509644,
  "actor/entropy_loss": 0.8157859379425645,
  "actor/grad_norm": 3.1180907525122166,
  "actor/grad_norm/entropy": 0.03378548414912075,
  "actor/grad_norm/kl": 0.0028723980867653154,
  "actor/grad_norm/task": 3.4529892653226852,
  "actor/kl_coef": 0.001,
  "actor/kl_loss": 0.020745634159538895,
  "actor/loss/entropy": -0.0007826772205135057,
  "actor/loss/kl": 0.0003709103152687021,
  "actor/loss/policy": -0.18178594106575474,
  "actor/loss/total": -0.1821977075887844,
  "actor/pg_clipfrac": 0.028546745181074584,
  "actor/pg_clipfrac_lower": 0.0004686437441705493,
  "actor/pg_loss": -0.17375861253822222,
  "actor/ppo_kl": 0.07767009259700508,
  "critic/advantages/max": 3.9253597259521484,
  "critic/advantages/mean": -6.8606391678827094e-09,
  "critic/advantages/min": -2.082728385925293,
  "critic/grad_norm": 195.84344882145524,
  "critic/lr": 1e-05,
  "critic/returns/max": 10.899999618530273,
  "critic/returns/mean": 0.2528853416442871,
  "critic/returns/min": -1,
  "critic/rewards/max": 10.899999618530273,
  "critic/rewards/mean": 1.3489257097244263,
  "critic/rewards/min": -1,
  "critic/score/max": 10.899999618530273,
  "critic/score/mean": 1.3489257097244263,
  "critic/score/min": -1,
  "critic/values/max": 10.0625,
  "critic/values/mean": 3.062429904937744,
  "critic/values/min": -3.109375,
  "critic/vf_clipfrac": 0.5133267632925254,
  "critic/vf_explained_var": -0.3633766174316406,
  "critic/vf_loss": 11.613265270367265,
  "critic/vpred_mean": 2.4296064628870226,
  "global_seqlen/balanced_max": 4237245099.0,
  "global_seqlen/balanced_min": 4237235590.0,
  "global_seqlen/max": 4681206628.0,
  "global_seqlen/mean": 4237240576.0,
  "global_seqlen/min": 3579319887.0,
  "global_seqlen/minmax_diff": 1101886741.0,
  "grad_norm/all/entropy": 0.03378548414912075,
  "grad_norm/all/group_rv_count": 14,
  "grad_norm/all/group_rv_table": {
    "_latest_artifact_path": "wandb-client-artifact://ja959905sbyuhndksagkt7zsn0rwq76kp0r6uwxo3cuz6mse7xjbgafhdzabwvre4kv3y23sdp9a5jhv6ytrzubjqkllml6e0qwn40bboqrihc01e5kax4mqe9y6m6e3:latest/grad_norm/all/group_rv_table.table.json",
    "_type": "table-file",
    "artifact_path": "wandb-client-artifact://cdoc7qs9a7ayawduvj0pygw1bbm9pox08en58aw8lkf0kxea4dg689i0v997er9kds30mwwtxsfpr5ee9ri2vq84fajoaxuzpcpp83loo9xu2kqruvue9w8dmbkamyrv/grad_norm/all/group_rv_table.table.json",
    "log_mode": "IMMUTABLE",
    "ncols": 3,
    "nrows": 14,
    "path": "media/table/grad_norm/all/group_rv_table_0_bd9808ba021463d25f85.table.json",
    "sha256": "bd9808ba021463d25f85433bf49abd9992850aa18e2fb5fbcfa04e0ad32e3c8c",
    "size": 505
  },
  "grad_norm/all/kl": 0.0028723980867653154,
  "grad_norm/all/loss/entropy": -0.0007826772205135057,
  "grad_norm/all/loss/kl": 0.0003709103152687021,
  "grad_norm/all/loss/policy": -0.18178594106575474,
  "grad_norm/all/loss/total": -0.1821977075887844,
  "grad_norm/all/per_sample/entropy": 3.299363686437573e-05,
  "grad_norm/all/per_sample/kl": 2.8050762566067533e-06,
  "grad_norm/all/per_sample/task": 0.003372059829416685,
  "grad_norm/all/per_token/entropy": 7.000272288585016e-08,
  "grad_norm/all/per_token/kl": 5.9515407977633336e-09,
  "grad_norm/all/per_token/task": 7.1545119673677925e-06,
  "grad_norm/all/reward_std_max": 5.973326206207275,
  "grad_norm/all/reward_std_mean": 2.116966724395752,
  "grad_norm/all/reward_std_min": 0.10246949642896652,
  "grad_norm/all/sample_count": 1024,
  "grad_norm/all/sample_pct": 1,
  "grad_norm/all/task": 3.4529892653226852,
  "grad_norm/bucket_1/entropy": 0.03311230167746544,
  "grad_norm/bucket_1/group_rv_count": 14,
  "grad_norm/bucket_1/group_rv_table": {
    "_latest_artifact_path": "wandb-client-artifact://mys17m8sspc3czs05v5tro2g5aypwgo97nr3gkaqsbe367z5crhygc6037y2qteyt417l512z730rodkk9gd49i0fot7qpjnd3kd04zm54mugpu0zge78wp7lxpo34wt:latest/grad_norm/bucket_1/group_rv_table.table.json",
    "_type": "table-file",
    "artifact_path": "wandb-client-artifact://381d9lueyy9ykzg5omy5g71pzoo6c9h2ys6krrc157qt4uiec6dfmdoisahb5gdfetyec5eal2phlgt6w63xc8wh2be5j17bsu7fmocx4ls9ei8tyhfsd7imp5vwyz8b/grad_norm/bucket_1/group_rv_table.table.json",
    "log_mode": "IMMUTABLE",
    "ncols": 3,
    "nrows": 14,
    "path": "media/table/grad_norm/bucket_1/group_rv_table_0_94ac7fee6955bad12c72.table.json",
    "sha256": "94ac7fee6955bad12c72cf6633a4a14feec91962ecf133e0b8e7255bc9158b83",
    "size": 575
  },
  "grad_norm/bucket_1/kl": 0.002325863973237574,
  "grad_norm/bucket_1/loss/entropy": -0.0007791724434355274,
  "grad_norm/bucket_1/loss/kl": 0.00034956757444888354,
  "grad_norm/bucket_1/loss/policy": 0.2392540778964758,
  "grad_norm/bucket_1/loss/total": 0.23882447443902494,
  "grad_norm/bucket_1/per_sample/entropy": 0.000206951885484159,
  "grad_norm/bucket_1/per_sample/kl": 1.4536649832734838e-05,
  "grad_norm/bucket_1/per_sample/task": 0.014985293596982956,
  "grad_norm/bucket_1/per_token/entropy": 3.9085320330349445e-07,
  "grad_norm/bucket_1/per_token/kl": 2.7454188876479306e-08,
  "grad_norm/bucket_1/per_token/task": 2.8301505884431563e-05,
  "grad_norm/bucket_1/reward_std_max": 0.12093386799097061,
  "grad_norm/bucket_1/reward_std_mean": 0.11412875354290009,
  "grad_norm/bucket_1/reward_std_min": 0.10246949642896652,
  "grad_norm/bucket_1/sample_count": 160,
  "grad_norm/bucket_1/sample_pct": 0.15625,
  "grad_norm/bucket_1/task": 2.397646975517273,
  "grad_norm/bucket_2/entropy": 0.033449872583150866,
  "grad_norm/bucket_2/group_rv_count": 14,
  "grad_norm/bucket_2/group_rv_table": {
    "_latest_artifact_path": "wandb-client-artifact://1ra4pndqta9ktmsxgv3k16fq4zm52vaicmh9p6vlgziaafxbdbkiazp83pmeixo6hqyczgxqqho3l8kw8o350inaxi4uvvd9jjvzhhwdfe7nraeoz7jqco8m8f2m3weh:latest/grad_norm/bucket_2/group_rv_table.table.json",
    "_type": "table-file",
    "artifact_path": "wandb-client-artifact://ix7m8nkf0wr0cerca3l8abab0vrwaa4govxwwl0xael8xxl7nlhcaelm96nne3samk76x2lo4uz2vg98chtmict4j6r6q2vwdg8jv6d0vuh0289kxbzrlaci1e1jc8ok/grad_norm/bucket_2/group_rv_table.table.json",
    "log_mode": "IMMUTABLE",
    "ncols": 3,
    "nrows": 14,
    "path": "media/table/grad_norm/bucket_2/group_rv_table_0_d2c9a173e10678decbf8.table.json",
    "sha256": "d2c9a173e10678decbf8572683d1550b5575260dc8af0daad0bc4c9137c78c8a",
    "size": 575
  },
  "grad_norm/bucket_2/kl": 0.002170885493978858,
  "grad_norm/bucket_2/loss/entropy": -0.0007968756224727258,
  "grad_norm/bucket_2/loss/kl": 0.0003536390904628206,
  "grad_norm/bucket_2/loss/policy": 0.22863000743091105,
  "grad_norm/bucket_2/loss/total": 0.22818676978349686,
  "grad_norm/bucket_2/per_sample/entropy": 0.0002090617036446929,
  "grad_norm/bucket_2/per_sample/kl": 1.3568034337367862e-05,
  "grad_norm/bucket_2/per_sample/task": 0.012299466133117675,
  "grad_norm/bucket_2/per_token/entropy": 4.0270969376069523e-07,
  "grad_norm/bucket_2/per_token/kl": 2.613572384458426e-08,
  "grad_norm/bucket_2/per_token/task": 2.369211650693251e-05,
  "grad_norm/bucket_2/reward_std_max": 0.13601469993591309,
  "grad_norm/bucket_2/reward_std_mean": 0.1290530562400818,
  "grad_norm/bucket_2/reward_std_min": 0.1249999925494194,
  "grad_norm/bucket_2/sample_count": 160,
  "grad_norm/bucket_2/sample_pct": 0.15625,
  "grad_norm/bucket_2/task": 1.9679145812988281,
  "grad_norm/bucket_3/entropy": 0.03329741284251213,
  "grad_norm/bucket_3/group_rv_count": 14,
  "grad_norm/bucket_3/group_rv_table": {
    "_latest_artifact_path": "wandb-client-artifact://iev7mrlu7r7yep29gfofrh3wuhihw7t8itbe2wvfumzohdx9vy86xu4ap0ryjv4kepbgoelq0tq9s0smopb22vdk8nrfzsrunv91smbci2jrlrbz58g61tkzqym9ewjv:latest/grad_norm/bucket_3/group_rv_table.table.json",
    "_type": "table-file",
    "artifact_path": "wandb-client-artifact://rkytc5936dbzd46w67h57sbq0c7m7lfoai7a0ujcirzfiat2ni005yvyvgom0j2cs0mbt9jxos49zlnvdvt625bn06wvfxyy61r0uivjqrlshzi98nawryz2nkvgtq2q/grad_norm/bucket_3/group_rv_table.table.json",
    "log_mode": "IMMUTABLE",
    "ncols": 3,
    "nrows": 14,