{
  "_runtime": 866.11180391,
  "_step": 41,
  "_timestamp": 1769680103.9494562,
  "actor/entropy": 0.8025311827659607,
  "actor/entropy_loss": 0.8727208309574053,
  "actor/grad_norm": 3.1725363563746214,
  "actor/grad_norm/entropy": 0.03374519199132919,
  "actor/grad_norm/kl": 0.0029009891040914226,
  "actor/grad_norm/task": 3.4760697055608034,
  "actor/kl_coef": 0.001,
  "actor/kl_loss": -0.2522410526871681,
  "actor/loss/entropy": -0.0007840671087819828,
  "actor/loss/kl": 0.00036984678231988255,
  "actor/loss/policy": -0.1760714517586166,
  "actor/loss/total": -0.17648567249125335,
  "actor/pg_clipfrac": 0.057480378872014626,
  "actor/pg_clipfrac_lower": 0.0015310717091097104,
  "actor/pg_loss": -0.15759884341969155,
  "actor/ppo_kl": 0.11067496988777492,
  "critic/advantages/max": 4.092586517333984,
  "critic/advantages/mean": 5.4899807366837194e-08,
  "critic/advantages/min": -2.1888904571533203,
  "critic/grad_norm": 137.96328239515424,
  "critic/lr": 1e-05,
  "critic/returns/max": 10.899999618530273,
  "critic/returns/mean": 0.22272001206874847,
  "critic/returns/min": -1,
  "critic/rewards/max": 10.899999618530273,
  "critic/rewards/mean": 1.2747069597244263,
  "critic/rewards/min": -1,
  "critic/score/max": 10.899999618530273,
  "critic/score/mean": 1.2747069597244263,
  "critic/score/min": -1,
  "critic/values/max": 10.4375,
  "critic/values/mean": 3.0358340740203857,
  "critic/values/min": -3.0625,
  "critic/vf_clipfrac": 0.6334729074407051,
  "critic/vf_explained_var": -0.39306485652923584,
  "critic/vf_loss": 11.52184972167015,
  "critic/vpred_mean": 2.434178984673281,
  "global_seqlen/balanced_max": 8529612795,
  "global_seqlen/balanced_min": 8521888336,
  "global_seqlen/max": 8803627241,
  "global_seqlen/mean": 8522868736,
  "global_seqlen/min": 8248576545,
  "global_seqlen/minmax_diff": 555050696,
  "grad_norm/all/entropy": 0.03374519199132919,
  "grad_norm/all/group_rv_count": 23,
  "grad_norm/all/group_rv_table": {
    "_latest_artifact_path": "wandb-client-artifact://nd7jdeojagcacd97rflchtlleal8neliqa34ndmag3d1txoadrlqlyh9w55khstp8n4mcj984mxtsoy75v64stz1n4zvwtkiidza8r3hw2o3yeq8iu0pcal9rhmu662q:latest/grad_norm/all/group_rv_table.table.json",
    "_type": "table-file",
    "artifact_path": "wandb-client-artifact://vzvg1fh422mpe0erxyoova9wbc4ib4tb9hgbxq0zshhq4ftsetmgrsxed8lb8dyhimasqo2hcz6vcbmphbrykd3o7asyotyec1s3u7dh03amd906o7v29azqe1kdm6i3/grad_norm/all/group_rv_table.table.json",
    "log_mode": "IMMUTABLE",
    "ncols": 3,
    "nrows": 23,
    "path": "media/table/grad_norm/all/group_rv_table_0_7db5922803fa542269bd.table.json",
    "sha256": "7db5922803fa542269bdf0ecbdc60de33c5a7b72b0045419f6bcdfd93a3a5ac0",
    "size": 803
  },
  "grad_norm/all/kl": 0.0029009891040914226,
  "grad_norm/all/loss/entropy": -0.0007840671087819828,
  "grad_norm/all/loss/kl": 0.00036984678231988255,
  "grad_norm/all/loss/policy": -0.1760714517586166,
  "grad_norm/all/loss/total": -0.17648567249125335,
  "grad_norm/all/per_sample/entropy": 1.6477144527016208e-05,
  "grad_norm/all/per_sample/kl": 1.41649858598214e-06,
  "grad_norm/all/per_sample/task": 0.001697299660918361,
  "grad_norm/all/per_token/entropy": 3.469914076936045e-08,
  "grad_norm/all/per_token/kl": 2.982997676205669e-09,
  "grad_norm/all/per_token/task": 3.5743353325225123e-06,
  "grad_norm/all/reward_std_max": 5.954592227935791,
  "grad_norm/all/reward_std_mean": 2.332296848297119,
  "grad_norm/all/reward_std_min": 0.07041533291339874,
  "grad_norm/all/sample_count": 2048,
  "grad_norm/all/sample_pct": 1,
  "grad_norm/all/task": 3.4760697055608034,
  "grad_norm/bucket_1/entropy": 0.033254343338988045,
  "grad_norm/bucket_1/group_rv_count": 23,
  "grad_norm/bucket_1/group_rv_table": {
    "_latest_artifact_path": "wandb-client-artifact://ct7i0oeb9y4pc1v74x3huu174pkl3c8qguxg7ikl69hv1dbrhgei9qk0zcuilbd4181w1inhjdlzune6amq1p9tfy2ynp4hzky06qj2ggir6wb0l9blmj673gc5oey5s:latest/grad_norm/bucket_1/group_rv_table.table.json",
    "_type": "table-file",
    "artifact_path": "wandb-client-artifact://0ol1qwhakcp4uu0onimwjvc15asswj346d6n80nbrzf3vqquj300ne9ckicr2c2s2as2m2xkapzweln640cfi45ett20f5h2w944w1e0c2lvhl1kx4sjddod9cvec6le/grad_norm/bucket_1/group_rv_table.table.json",
    "log_mode": "IMMUTABLE",
    "ncols": 3,
    "nrows": 23,
    "path": "media/table/grad_norm/bucket_1/group_rv_table_0_a70156e0d68932f41416.table.json",
    "sha256": "a70156e0d68932f41416d02fdf83818edc0e329b35f75e46f0ff7631bea467a5",
    "size": 918
  },
  "grad_norm/bucket_1/kl": 0.002608049428090453,
  "grad_norm/bucket_1/loss/entropy": -0.0007862801463819447,
  "grad_norm/bucket_1/loss/kl": 0.00035592357777535324,
  "grad_norm/bucket_1/loss/policy": 0.15872797978227027,
  "grad_norm/bucket_1/loss/total": 0.1582976223435253,
  "grad_norm/bucket_1/per_sample/entropy": 9.897125993746441e-05,
  "grad_norm/bucket_1/per_sample/kl": 7.762051869316825e-06,
  "grad_norm/bucket_1/per_sample/task": 0.007633143173151717,
  "grad_norm/bucket_1/per_token/entropy": 1.922749857705493e-07,
  "grad_norm/bucket_1/per_token/kl": 1.5079614159364755e-08,
  "grad_norm/bucket_1/per_token/task": 1.4829178651758737e-05,
  "grad_norm/bucket_1/reward_std_max": 0.1276388168334961,
  "grad_norm/bucket_1/reward_std_mean": 0.1092187762260437,
  "grad_norm/bucket_1/reward_std_min": 0.07041533291339874,
  "grad_norm/bucket_1/sample_count": 336,
  "grad_norm/bucket_1/sample_pct": 0.1640625,
  "grad_norm/bucket_1/task": 2.564736106178977,
  "grad_norm/bucket_2/entropy": 0.03330751068212769,
  "grad_norm/bucket_2/group_rv_count": 23,
  "grad_norm/bucket_2/group_rv_table": {
    "_latest_artifact_path": "wandb-client-artifact://by04kzh0c7cmfd0cxo2t8jvjnbivdii1fc2mnfq7q0z2z3xijmh7xvd72xt9jbnkpolrnef6qliyt222xu1di6psp599axpfub9ciuy4q3npriedsjuqr6rikn75ca5r:latest/grad_norm/bucket_2/group_rv_table.table.json",
    "_type": "table-file",
    "artifact_path": "wandb-client-artifact://aj0p10f8j12fjh6m7v4eafhi9cb2a4vqpl1z9al1khm96w62zzy07nz2q3gsd6wp5h00bahdjmvtxfvybo61q2nseyf28cqom5m313g1w92wlm5d0ow8zpmnddm5bgn6/grad_norm/bucket_2/group_rv_table.table.json",
    "log_mode": "IMMUTABLE",
    "ncols": 3,
    "nrows": 23,
    "path": "media/table/grad_norm/bucket_2/group_rv_table_0_4d1890b104fadc2abdbd.table.json",
    "sha256": "4d1890b104fadc2abdbd26f78f7348fad3070ee5508b94923103ff522029a62e",
    "size": 918
  },
  "grad_norm/bucket_2/kl": 0.0026391256515952673,
  "grad_norm/bucket_2/loss/entropy": -0.0007821314277614213,
  "grad_norm/bucket_2/loss/kl": 0.000363109156089856,
  "grad_norm/bucket_2/loss/policy": 0.17291381083090196,
  "grad_norm/bucket_2/loss/total": 0.1724947878074917,
  "grad_norm/bucket_2/per_sample/entropy": 9.912949607776099e-05,
  "grad_norm/bucket_2/per_sample/kl": 7.854540629747819e-06,
  "grad_norm/bucket_2/per_sample/task": 0.008097725255148751,
  "grad_norm/bucket_2/per_token/entropy": 1.979679321600248e-07,
  "grad_norm/bucket_2/per_token/kl": 1.5686019076686464e-08,
  "grad_norm/bucket_2/per_token/task": 1.61716742986798e-05,
  "grad_norm/bucket_2/reward_std_max": 0.14375904202461243,
  "grad_norm/bucket_2/reward_std_mean": 0.1383548080921173,
  "grad_norm/bucket_2/reward_std_min": 0.1289379596710205,
  "grad_norm/bucket_2/sample_count": 336,
  "grad_norm/bucket_2/sample_pct": 0.1640625,
  "grad_norm/bucket_2/task": 2.7208356857299805,
  "grad_norm/bucket_3/entropy": 0.03350491008975289,
  "grad_norm/bucket_3/group_rv_count": 23,
  "grad_norm/bucket_3/group_rv_table": {
    "_latest_artifact_path": "wandb-client-artifact://m6lac2vcewoiwb2zryms31fjz2hfsxp0n6vu061mzevihn7eic0dou44vw6ggnmpjt566450p76ep95jlf91to0vqmhwm1g96ot7799n92xy1w4hcjuam6wj8o7cxq36:latest/grad_norm/bucket_3/group_rv_table.table.json",
    "_type": "table-file",
    "artifact_path": "wandb-client-artifact://sx7b9cuivz39c3wibi51o6ryyl8r7q7e1wb1fbxnrf86xljo5oqol18blmuxxbvcet80a1n8em738fcpzfhpbmy07adfha0r94fmh4h1zkpp1n1897son0p7zt6imqg6/grad_norm/bucket_3/group_rv_table.table.json",
    "log_mode": "IMMUTABLE",
    "ncols": 3,
    "nrows": 23,