{
  "_runtime": 4735.581038031,
  "_step": 21,
  "_timestamp": 1769672810.2499795,
  "actor/entropy": 1.3010520935058594,
  "actor/entropy_loss": 1.3805371298185491,
  "actor/grad_norm": 2.675648208358325,
  "actor/grad_norm/entropy": 0.03244626991727273,
  "actor/grad_norm/kl": 0.016541228612368286,
  "actor/grad_norm/task": 4.864002618705854,
  "actor/kl_coef": 0.001,
  "actor/kl_loss": 1.162668764591217,
  "actor/loss/entropy": -0.001301052146587267,
  "actor/loss/kl": 5.8454825611314876e-05,
  "actor/loss/policy": 1.9690560293383896e-10,
  "actor/loss/total": -0.0012425972347722691,
  "actor/pg_clipfrac": 0.03896691135076935,
  "actor/pg_clipfrac_lower": 0.0005004984263976553,
  "actor/pg_loss": -0.00046035034756641835,
  "actor/ppo_kl": 0.012046773802881328,
  "critic/advantages/max": 5.473484039306641,
  "critic/advantages/mean": -0.04503839090466499,
  "critic/advantages/min": -3.4154324531555176,
  "critic/returns/max": 5.473484039306641,
  "critic/returns/mean": -0.04503839090466499,
  "critic/returns/min": -3.4154324531555176,
  "critic/rewards/max": 10.899999618530273,
  "critic/rewards/mean": 0.6379272937774658,
  "critic/rewards/min": -1,
  "critic/score/max": 10.899999618530273,
  "critic/score/mean": 0.6379272937774658,
  "critic/score/min": -1,
  "global_seqlen/balanced_max": 64151458838.0,
  "global_seqlen/balanced_min": 64151458837.0,
  "global_seqlen/max": 64922166844.0,
  "global_seqlen/mean": 64151457792.0,
  "global_seqlen/min": 62479376122.0,
  "global_seqlen/minmax_diff": 2442790722.0,
  "grad_norm/all/entropy": 0.03244626991727273,
  "grad_norm/all/group_rv_count": 46,
  "grad_norm/all/group_rv_table": {
    "_latest_artifact_path": "wandb-client-artifact://cyy2s7hzu98evdw4qbdt0iptgcoxqgadbwsow9rqz9s6tzn4athwh2yi9j6gk3drvwpo9k17a53rg0pxt1mdq984ax6cwpbzibjpgkhrdcduyicozerz23ae1tlz1gte:latest/grad_norm/all/group_rv_table.table.json",
    "_type": "table-file",
    "artifact_path": "wandb-client-artifact://pm9fj96mgiefpvjrxi46z5ji7t0ynsd1q9dsr6q4xfcugvhx52ro7ch7iwfory0nm9cv21zkujllvavwb3tl9yrf87o64v5j29fvsxvatctlbe885sx4wbxem5t2qa8w/grad_norm/all/group_rv_table.table.json",
    "log_mode": "IMMUTABLE",
    "ncols": 3,
    "nrows": 46,
    "path": "media/table/grad_norm/all/group_rv_table_0_7ff2228081ff945d0534.table.json",
    "sha256": "7ff2228081ff945d05344f07eddd723170070778c7aa10d2b7110559b52a3300",
    "size": 1549
  },
  "grad_norm/all/kl": 0.016541228612368286,
  "grad_norm/all/loss/entropy": -0.001301052146587267,
  "grad_norm/all/loss/kl": 5.8454825611314876e-05,
  "grad_norm/all/loss/policy": 1.9690560293383896e-10,
  "grad_norm/all/loss/total": -0.0012425972347722691,
  "grad_norm/all/per_sample/entropy": 3.960726308260831e-06,
  "grad_norm/all/per_sample/kl": 2.019192945845738e-06,
  "grad_norm/all/per_sample/task": 0.0005937503196662419,
  "grad_norm/all/per_token/entropy": 1.067033520124781e-08,
  "grad_norm/all/per_token/kl": 5.439776417580777e-09,
  "grad_norm/all/per_token/task": 1.5995841276568256e-06,
  "grad_norm/all/reward_std_max": 5.761901378631592,
  "grad_norm/all/reward_std_mean": 1.9283980131149292,
  "grad_norm/all/reward_std_min": 0.08793096989393234,
  "grad_norm/all/sample_count": 8192,
  "grad_norm/all/sample_pct": 1,
  "grad_norm/all/task": 4.864002618705854,
  "grad_norm/bucket_1/entropy": 0.03257264511748439,
  "grad_norm/bucket_1/group_rv_count": 46,
  "grad_norm/bucket_1/group_rv_table": {
    "_latest_artifact_path": "wandb-client-artifact://oeiv558napmvecfm5iuwehct87y1o0w2ki4vggwz8dhg2j4v8rwdgwhx9sz1zfsmt2igx9buorrl53egn3p39idwkvb7pf5dnguiz23x00lq411shxykt6kqyvbnbak1:latest/grad_norm/bucket_1/group_rv_table.table.json",
    "_type": "table-file",
    "artifact_path": "wandb-client-artifact://tbihr0ow8b5bvqqgaubwabpkyqlht5o0227gsdagkme7shkwy4ujjpsfyd7jjc56etu38xk8jv5jzf91rwe50qb6eulovau8b3et0u1tvaumgsap1yb0zykdru3i1011/grad_norm/bucket_1/group_rv_table.table.json",
    "log_mode": "IMMUTABLE",
    "ncols": 3,
    "nrows": 46,
    "path": "media/table/grad_norm/bucket_1/group_rv_table_0_71cdf78c6f8d566991f6.table.json",
    "sha256": "71cdf78c6f8d566991f6fb7101be22ae4ec6497893b082f074c138783c2cbdf5",
    "size": 1779
  },
  "grad_norm/bucket_1/kl": 0.016896893907826217,
  "grad_norm/bucket_1/loss/entropy": -0.0013240157535879657,
  "grad_norm/bucket_1/loss/kl": 3.345939201234874e-05,
  "grad_norm/bucket_1/loss/policy": -8.448426212583269e-09,
  "grad_norm/bucket_1/loss/total": -0.001290563248273559,
  "grad_norm/bucket_1/per_sample/entropy": 2.4235599045747314e-05,
  "grad_norm/bucket_1/per_sample/kl": 1.2572093681418316e-05,
  "grad_norm/bucket_1/per_sample/task": 0.0024836034854016607,
  "grad_norm/bucket_1/per_token/entropy": 6.091567150003532e-08,
  "grad_norm/bucket_1/per_token/kl": 3.159969461944583e-08,
  "grad_norm/bucket_1/per_token/task": 6.242485435061597e-06,
  "grad_norm/bucket_1/reward_std_max": 0.14241579174995422,
  "grad_norm/bucket_1/reward_std_mean": 0.13078635931015015,
  "grad_norm/bucket_1/reward_std_min": 0.08793096989393234,
  "grad_norm/bucket_1/sample_count": 1344,
  "grad_norm/bucket_1/sample_pct": 0.1640625,
  "grad_norm/bucket_1/task": 3.337963084379832,
  "grad_norm/bucket_2/entropy": 0.032531521815274446,
  "grad_norm/bucket_2/group_rv_count": 46,
  "grad_norm/bucket_2/group_rv_table": {
    "_latest_artifact_path": "wandb-client-artifact://tkgtyfd9ma7d576q7z0rwf6bq0x2t9w8uvmpskfvtnme5ity89jh1egfmyhenh8lx8omlt05co81igubx01iv82x65a691eocwizcb9st08q5iecacgz9wf0dc0rngc5:latest/grad_norm/bucket_2/group_rv_table.table.json",
    "_type": "table-file",
    "artifact_path": "wandb-client-artifact://54e4h364gywd4jrt03m63n65yq2ue2ogfq47d0vx49zlwhhbpcsl5pkno7wm0mbce0ate2xo31klphm8yeeyhusv38qn681qu6kfyvecxsrnofowpjgpu2v8wfzi373q/grad_norm/bucket_2/group_rv_table.table.json",
    "log_mode": "IMMUTABLE",
    "ncols": 3,
    "nrows": 46,
    "path": "media/table/grad_norm/bucket_2/group_rv_table_0_7f10fcb2994aea605cbb.table.json",
    "sha256": "7f10fcb2994aea605cbbf37832889940d4e4c2b30c4550462336901055d0cbfc",
    "size": 1779
  },
  "grad_norm/bucket_2/kl": 0.01675537147647923,
  "grad_norm/bucket_2/loss/entropy": -0.0012932902324488775,
  "grad_norm/bucket_2/loss/kl": 3.3538956982072576e-05,
  "grad_norm/bucket_2/loss/policy": 3.9359465951011295e-09,
  "grad_norm/bucket_2/loss/total": -0.001259747575291147,
  "grad_norm/bucket_2/per_sample/entropy": 2.420500135065063e-05,
  "grad_norm/bucket_2/per_sample/kl": 1.246679425333276e-05,
  "grad_norm/bucket_2/per_sample/task": 0.0027270786614155148,
  "grad_norm/bucket_2/per_token/entropy": 6.025382438355136e-08,
  "grad_norm/bucket_2/per_token/kl": 3.1033752929164285e-08,
  "grad_norm/bucket_2/per_token/task": 6.788552347700815e-06,
  "grad_norm/bucket_2/reward_std_max": 0.1580819934606552,
  "grad_norm/bucket_2/reward_std_mean": 0.15097852051258087,
  "grad_norm/bucket_2/reward_std_min": 0.14241579174995422,
  "grad_norm/bucket_2/sample_count": 1344,
  "grad_norm/bucket_2/sample_pct": 0.1640625,
  "grad_norm/bucket_2/task": 3.665193720942452,
  "grad_norm/bucket_3/entropy": 0.03253159330536922,
  "grad_norm/bucket_3/group_rv_count": 46,
  "grad_norm/bucket_3/group_rv_table": {
    "_latest_artifact_path": "wandb-client-artifact://n5thf4hqkurs0ab0s1g54yo2n09lztajk4993d5yx6tfzke22127jeb1kcnkj5vmb8lqtjj1ue48qo1tj9tvjy99jqjzubpgh0p2jmqhxdpn3yizitau3z3cv17xgvup:latest/grad_norm/bucket_3/group_rv_table.table.json",
    "_type": "table-file",
    "artifact_path": "wandb-client-artifact://qfra132es93bgokb2fb12jc0qqtzf3cfys6u0utfm903ij0v5raoqqmfh1hyvr4geutzah8o4kr8ikyl9vcvb6yzmptum1nvh8mzcoz7vwezo2m0i5vsc9vd9eqtcusm/grad_norm/bucket_3/group_rv_table.table.json",
    "log_mode": "IMMUTABLE",
    "ncols": 3,
    "nrows": 46,
    "path": "media/table/grad_norm/bucket_3/group_rv_table_0_bb4cf40256182c346d23.table.json",
    "sha256": "bb4cf40256182c346d23c952b9557ec97e5e147b4ae72cda5ef3f555d24a654d",
    "size": 1779
  },
  "grad_norm/bucket_3/kl": 0.016883051183651247,
  "grad_norm/bucket_3/loss/entropy": -0.00130804323613293,