{
  "_runtime": 292.142232997,
  "_step": 21,
  "_timestamp": 1769662645.889919,
  "actor/entropy": 0.6634030938148499,
  "actor/entropy_loss": 0.6950759929604828,
  "actor/grad_norm": 7.976281899958849,
  "actor/grad_norm/entropy": 0.03515447152312845,
  "actor/grad_norm/kl": 0.011598738783504814,
  "actor/grad_norm/task": 14.763246074318886,
  "actor/kl_coef": 0.001,
  "actor/kl_loss": 0.6301858052611351,
  "actor/loss/entropy": -0.0006524064440327493,
  "actor/loss/kl": 0.00046996070551585944,
  "actor/loss/policy": -0.2736912934342399,
  "actor/loss/total": -0.2738737370236777,
  "actor/pg_clipfrac": 0.04384167677926598,
  "actor/pg_clipfrac_lower": 0.0049004760583102325,
  "actor/pg_loss": -0.25299345701932907,
  "actor/ppo_kl": 0.0068132763337303,
  "critic/advantages/max": 4.796414852142334,
  "critic/advantages/mean": -1.6338107533542257e-09,
  "critic/advantages/min": -2.110589027404785,
  "critic/grad_norm": 205.6270754598081,
  "critic/lr": 1e-05,
  "critic/returns/max": 10.899999618530273,
  "critic/returns/mean": 0.20673196017742157,
  "critic/returns/min": -1,
  "critic/rewards/max": 10.899999618530273,
  "critic/rewards/mean": 1.357812523841858,
  "critic/rewards/min": -1,
  "critic/score/max": 10.899999618530273,
  "critic/score/mean": 1.357812523841858,
  "critic/score/min": -1,
  "critic/values/max": 7.96875,
  "critic/values/mean": 1.658778429031372,
  "critic/values/min": -5.125,
  "critic/vf_clipfrac": 0.5155008742704013,
  "critic/vf_explained_var": -0.0733422040939331,
  "critic/vf_loss": 11.079644843004644,
  "critic/vpred_mean": 0.9775075305831251,
  "global_seqlen/balanced_max": 3760218999.0,
  "global_seqlen/balanced_min": 3759769661.0,
  "global_seqlen/max": 4159047044.0,
  "global_seqlen/mean": 3759838464.0,
  "global_seqlen/min": 3299750309.0,
  "global_seqlen/minmax_diff": 859296735.0,
  "grad_norm/all/entropy": 0.03515447152312845,
  "grad_norm/all/group_rv_count": 14,
  "grad_norm/all/group_rv_table": {
    "_latest_artifact_path": "wandb-client-artifact://xin553t6lx3rqf4lvcbxycvgmdye1yhmlrglyfe1xxeprqdws31ef93brcaqj0coqkvzd7p07dkk3cgy8caz2mivzgm6tgdxq9g3fq25dpwuc91an37dobjqidj4c9gx:latest/grad_norm/all/group_rv_table.table.json",
    "_type": "table-file",
    "artifact_path": "wandb-client-artifact://ebw4y68plyzz0mq65gvvupmjgm1acaj00bvrv5k50ltbqj5i3adlpsbq5tibeloer20u0kaljvpkguhlfh758bst2yhrjbamfyea4pwaoy4sy10ruqj34qxxj6u8uh39/grad_norm/all/group_rv_table.table.json",
    "log_mode": "IMMUTABLE",
    "ncols": 3,
    "nrows": 14,
    "path": "media/table/grad_norm/all/group_rv_table_0_bb1287f7feb230865598.table.json",
    "sha256": "bb1287f7feb230865598e87f52708c1d3c3b4cff12ea71f55e78a5e98dfb60ab",
    "size": 507
  },
  "grad_norm/all/kl": 0.011598738783504814,
  "grad_norm/all/loss/entropy": -0.0006524064440327493,
  "grad_norm/all/loss/kl": 0.00046996070551585944,
  "grad_norm/all/loss/policy": -0.2736912934342399,
  "grad_norm/all/loss/total": -0.2738737370236777,
  "grad_norm/all/per_sample/entropy": 3.433053859680513e-05,
  "grad_norm/all/per_sample/kl": 1.132689334326642e-05,
  "grad_norm/all/per_sample/task": 0.014417232494452037,
  "grad_norm/all/per_token/entropy": 1.0277432437218707e-07,
  "grad_norm/all/per_token/kl": 3.3908987687666645e-08,
  "grad_norm/all/per_token/task": 4.316044517495399e-05,
  "grad_norm/all/reward_std_max": 5.916741847991943,
  "grad_norm/all/reward_std_mean": 2.3970251083374023,
  "grad_norm/all/reward_std_min": 0.1087811142206192,
  "grad_norm/all/sample_count": 1024,
  "grad_norm/all/sample_pct": 1,
  "grad_norm/all/task": 14.763246074318886,
  "grad_norm/bucket_1/entropy": 0.03300323188304901,
  "grad_norm/bucket_1/group_rv_count": 14,
  "grad_norm/bucket_1/group_rv_table": {
    "_latest_artifact_path": "wandb-client-artifact://kyu7wq3un38ka9j10pk162bpbrkrrmd48skvvrx71b8xn2nf19oui5rn9z3s6igcwhvaefjjdu6e7yrb9zuipx4bkyr3ktlw1708f51yrs3ioknkvd79hbyhwveq9y7j:latest/grad_norm/bucket_1/group_rv_table.table.json",
    "_type": "table-file",
    "artifact_path": "wandb-client-artifact://sbb9uf6jr0d5iw5q63t61cffono2577c8705nmt7tpu7r28ij7brj6yi0klxxhkudy0wndqyyy7ukahivs2ea7wr212e11cllf9doz8t06b1gzuwfdlovifdxjd9ilcy/grad_norm/bucket_1/group_rv_table.table.json",
    "log_mode": "IMMUTABLE",
    "ncols": 3,
    "nrows": 14,
    "path": "media/table/grad_norm/bucket_1/group_rv_table_0_f22f2d2562e462ec36e6.table.json",
    "sha256": "f22f2d2562e462ec36e66faec368791a1329d58ffa8512f14d36b8bb5cca76c3",
    "size": 577
  },
  "grad_norm/bucket_1/kl": 0.009510513581335544,
  "grad_norm/bucket_1/loss/entropy": -0.0006628289513173514,
  "grad_norm/bucket_1/loss/kl": 0.0004381420949357562,
  "grad_norm/bucket_1/loss/policy": 0.27545683458447456,
  "grad_norm/bucket_1/loss/total": 0.27523214779794214,
  "grad_norm/bucket_1/per_sample/entropy": 0.00020627019926905632,
  "grad_norm/bucket_1/per_sample/kl": 5.944070988334715e-05,
  "grad_norm/bucket_1/per_sample/task": 0.04319937765598297,
  "grad_norm/bucket_1/per_token/entropy": 5.558813542478485e-07,
  "grad_norm/bucket_1/per_token/kl": 1.6018786244691084e-07,
  "grad_norm/bucket_1/per_token/task": 0.00011641879747616304,
  "grad_norm/bucket_1/reward_std_max": 0.13601469993591309,
  "grad_norm/bucket_1/reward_std_mean": 0.12328334897756577,
  "grad_norm/bucket_1/reward_std_min": 0.1087811142206192,
  "grad_norm/bucket_1/sample_count": 160,
  "grad_norm/bucket_1/sample_pct": 0.15625,
  "grad_norm/bucket_1/task": 6.911900424957276,
  "grad_norm/bucket_2/entropy": 0.032741354405879976,
  "grad_norm/bucket_2/group_rv_count": 14,
  "grad_norm/bucket_2/group_rv_table": {
    "_latest_artifact_path": "wandb-client-artifact://l9kq2kvgradb6tonvhuk36ii0g8sxwnjpcr05phq259j62c3yj46isflkqkysfoum7qv2smmx1u4y7ms0zwmulb8g5sxcp342pm5wxd84cp6ng9gp12fnqvorvnl9v7y:latest/grad_norm/bucket_2/group_rv_table.table.json",
    "_type": "table-file",
    "artifact_path": "wandb-client-artifact://00gcbvfrcxgfc8e2njp4yerbu4kzqepcg86yq7ae0kro3or64wbx6a0zafpjx4u1pqvvokxspjjv1n3wml6kyre3raagrrv9ltp3dszt3g3gai6lmbmqk8t1r3mcjgwm/grad_norm/bucket_2/group_rv_table.table.json",
    "log_mode": "IMMUTABLE",
    "ncols": 3,
    "nrows": 14,
    "path": "media/table/grad_norm/bucket_2/group_rv_table_0_df68d3f201b9732c60be.table.json",
    "sha256": "df68d3f201b9732c60bea3df16c075ed3f83794f7e484daa70eaf8571ad3fa21",
    "size": 577
  },
  "grad_norm/bucket_2/kl": 0.009603270702064038,
  "grad_norm/bucket_2/loss/entropy": -0.0006519523551105522,
  "grad_norm/bucket_2/loss/kl": 0.00044004527808283456,
  "grad_norm/bucket_2/loss/policy": 0.2678780511021614,
  "grad_norm/bucket_2/loss/total": 0.2676661442965269,
  "grad_norm/bucket_2/per_sample/entropy": 0.00020463346503674985,
  "grad_norm/bucket_2/per_sample/kl": 6.002044188790024e-05,
  "grad_norm/bucket_2/per_sample/task": 0.04377829968929291,
  "grad_norm/bucket_2/per_token/entropy": 5.554842795609239e-07,
  "grad_norm/bucket_2/per_token/kl": 1.6292746601852732e-07,
  "grad_norm/bucket_2/per_token/task": 0.00011883763615565921,
  "grad_norm/bucket_2/reward_std_max": 0.1558578461408615,
  "grad_norm/bucket_2/reward_std_mean": 0.1444002240896225,
  "grad_norm/bucket_2/reward_std_min": 0.13601469993591309,
  "grad_norm/bucket_2/sample_count": 160,
  "grad_norm/bucket_2/sample_pct": 0.15625,
  "grad_norm/bucket_2/task": 7.004527950286866,
  "grad_norm/bucket_3/entropy": 0.0324243925511837,
  "grad_norm/bucket_3/group_rv_count": 14,
  "grad_norm/bucket_3/group_rv_table": {
    "_latest_artifact_path": "wandb-client-artifact://udcfuasm5va142s0pob86rgivslsp6znx7ve9ybz0cgtri7p97hgq8uhxfztpij4pyssguex7ggnaeaifubysqeazyn5nnwwvwtykhlzcve6x1eg55kjgvxfmgzw9hr9:latest/grad_norm/bucket_3/group_rv_table.table.json",
    "_type": "table-file",
    "artifact_path": "wandb-client-artifact://wezonu4fzuszaozs38zepi183rum7tucosioi172ndzuikl0m7scp2t5a1ntt2w0qp1ttvr900h78o03conbk952bvjpfk3jto2bs5ybjw4g9agjenfmqxlk60ysggy8/grad_norm/bucket_3/group_rv_table.table.json",
    "log_mode": "IMMUTABLE",
    "ncols": 3,
    "nrows": 14,