{
  "_runtime": 486.80210382,
  "_step": 21,
  "_timestamp": 1769679057.7327154,
  "actor/entropy": 0.6732774972915649,
  "actor/entropy_loss": 0.7870538136921823,
  "actor/grad_norm": 6.0224401000887156,
  "actor/grad_norm/entropy": 0.035590618674177676,
  "actor/grad_norm/kl": 0.011764800983655732,
  "actor/grad_norm/task": 14.903812509030104,
  "actor/kl_coef": 0.001,
  "actor/kl_loss": 0.17999827582389116,
  "actor/loss/entropy": -0.000661799163822252,
  "actor/loss/kl": 0.00047815700031605957,
  "actor/loss/policy": -0.267255429411307,
  "actor/loss/total": -0.2674390736501664,
  "actor/pg_clipfrac": 0.08440099427389214,
  "actor/pg_clipfrac_lower": 0.0061699795355707465,
  "actor/pg_loss": -0.21923711235285737,
  "actor/ppo_kl": 0.07977871189154939,
  "critic/advantages/max": 4.54425573348999,
  "critic/advantages/mean": 2.2839843794031367e-08,
  "critic/advantages/min": -1.9831498861312866,
  "critic/grad_norm": 154.23396982997656,
  "critic/lr": 1e-05,
  "critic/returns/max": 10.899999618530273,
  "critic/returns/mean": 0.2801210284233093,
  "critic/returns/min": -1,
  "critic/rewards/max": 10.899999618530273,
  "critic/rewards/mean": 1.4085450172424316,
  "critic/rewards/min": -1,
  "critic/score/max": 10.899999618530273,
  "critic/score/mean": 1.4085450172424316,
  "critic/score/min": -1,
  "critic/values/max": 7.4375,
  "critic/values/mean": 1.6704626083374023,
  "critic/values/min": -5.46875,
  "critic/vf_clipfrac": 0.5620116984235892,
  "critic/vf_explained_var": -0.06449687480926514,
  "critic/vf_loss": 9.909098950680345,
  "critic/vpred_mean": 1.2043472296460607,
  "global_seqlen/balanced_max": 7497701254,
  "global_seqlen/balanced_min": 7497695777,
  "global_seqlen/max": 7883281684,
  "global_seqlen/mean": 7497697280,
  "global_seqlen/min": 7112229652,
  "global_seqlen/minmax_diff": 771052032,
  "grad_norm/all/entropy": 0.035590618674177676,
  "grad_norm/all/group_rv_count": 23,
  "grad_norm/all/group_rv_table": {
    "_latest_artifact_path": "wandb-client-artifact://wp7z8hyffv1paoyeege020m2s06ykxhfgnhaqoav5qzii46ur1042b2xr1n3top7flqo9iphlpl0vwmx3i8uaq9ti8ri6c4j4kvefhvo8axixm1w60bux2w1w5acd8bm:latest/grad_norm/all/group_rv_table.table.json",
    "_type": "table-file",
    "artifact_path": "wandb-client-artifact://4e37swu9edr93nbgyrftlkd25tmno6d6xqxwumorqi5n462f0kwt33lxyr3tjzaf0tannv5pzr59ji9m3rf5c6u2gissnw2s6cw3uqex8a9vkxbz4g3nc3zmotlvy79g/grad_norm/all/group_rv_table.table.json",
    "log_mode": "IMMUTABLE",
    "ncols": 3,
    "nrows": 23,
    "path": "media/table/grad_norm/all/group_rv_table_0_90eb6a9a17d2ddaca1ac.table.json",
    "sha256": "90eb6a9a17d2ddaca1accc1079e7099fbcdd2ec2413667ea9899304b5c600218",
    "size": 800
  },
  "grad_norm/all/kl": 0.011764800983655732,
  "grad_norm/all/loss/entropy": -0.000661799163822252,
  "grad_norm/all/loss/kl": 0.00047815700031605957,
  "grad_norm/all/loss/policy": -0.267255429411307,
  "grad_norm/all/loss/total": -0.2674390736501664,
  "grad_norm/all/per_sample/entropy": 1.737823177450082e-05,
  "grad_norm/all/per_sample/kl": 5.7445317303006505e-06,
  "grad_norm/all/per_sample/task": 0.007277252201674855,
  "grad_norm/all/per_token/entropy": 5.236979684311947e-08,
  "grad_norm/all/per_token/kl": 1.7311310125125783e-08,
  "grad_norm/all/per_token/task": 2.193020695794024e-05,
  "grad_norm/all/reward_std_max": 5.966405868530273,
  "grad_norm/all/reward_std_mean": 2.359248638153076,
  "grad_norm/all/reward_std_min": 0.09309492260217667,
  "grad_norm/all/sample_count": 2048,
  "grad_norm/all/sample_pct": 1,
  "grad_norm/all/task": 14.903812509030104,
  "grad_norm/bucket_1/entropy": 0.03356488116762855,
  "grad_norm/bucket_1/group_rv_count": 23,
  "grad_norm/bucket_1/group_rv_table": {
    "_latest_artifact_path": "wandb-client-artifact://u92xz2nfn9iyrummn7fnmlpxvk1md481lipthfoyoucoty8eplbdv7t7yp64hvqejjy0k39xjchdr5svbpo2qaojgf5e03zzhmn4nyfyxvpsb68xkxc3naol9xooq3kb:latest/grad_norm/bucket_1/group_rv_table.table.json",
    "_type": "table-file",
    "artifact_path": "wandb-client-artifact://m11x03qwy04ggbdecc8ugbf8x6dtaywz86jz86rqsd4ic4fa1g7h9uyevb44q1ueondbsk6slpszha2mwuoroqu7k9cyqhcl0q0eczfek8qok44sud4muxesk7s5w233/grad_norm/bucket_1/group_rv_table.table.json",
    "log_mode": "IMMUTABLE",
    "ncols": 3,
    "nrows": 23,
    "path": "media/table/grad_norm/bucket_1/group_rv_table_0_7389c7ff67f70dace268.table.json",
    "sha256": "7389c7ff67f70dace268f231d0aa785e08f8498d6d8408c73985b3e05a8b8e7b",
    "size": 915
  },
  "grad_norm/bucket_1/kl": 0.009992377493869175,
  "grad_norm/bucket_1/loss/entropy": -0.0006591017518076114,
  "grad_norm/bucket_1/loss/kl": 0.00046234632993053475,
  "grad_norm/bucket_1/loss/policy": 0.19523348329080778,
  "grad_norm/bucket_1/loss/total": 0.19503672962838953,
  "grad_norm/bucket_1/per_sample/entropy": 9.989547966556115e-05,
  "grad_norm/bucket_1/per_sample/kl": 2.9739218731753495e-05,
  "grad_norm/bucket_1/per_sample/task": 0.02010155614320334,
  "grad_norm/bucket_1/per_token/entropy": 2.802304398846893e-07,
  "grad_norm/bucket_1/per_token/kl": 8.342554012380757e-08,
  "grad_norm/bucket_1/per_token/task": 5.63896178209017e-05,
  "grad_norm/bucket_1/reward_std_max": 0.1390443593263626,
  "grad_norm/bucket_1/reward_std_mean": 0.12397703528404236,
  "grad_norm/bucket_1/reward_std_min": 0.09309492260217667,
  "grad_norm/bucket_1/sample_count": 336,
  "grad_norm/bucket_1/sample_pct": 0.1640625,
  "grad_norm/bucket_1/task": 6.754122864116322,
  "grad_norm/bucket_2/entropy": 0.033184248276732185,
  "grad_norm/bucket_2/group_rv_count": 23,
  "grad_norm/bucket_2/group_rv_table": {
    "_latest_artifact_path": "wandb-client-artifact://f9e6lf0xe95kl6qvdj1a6421qq4fhx97t1jefomzfkn6rgr46tq0bjh2gtnsqil5blrsktyy309pxmn1arl03hh16bel06gis1lo29sqoirp3dluitk9n3vt146tm58s:latest/grad_norm/bucket_2/group_rv_table.table.json",
    "_type": "table-file",
    "artifact_path": "wandb-client-artifact://r3yzm67gjbl46hmn7uwjnw90hv6glxlmd5b73mxe2rz21vzw4xu1h2sxlxsxovufii7sqxxsyh3kxm31ymwhowc6f6pbrul1t5zmqi6mmlbt9qgeuiqrv2dw84r0q0do/grad_norm/bucket_2/group_rv_table.table.json",
    "log_mode": "IMMUTABLE",
    "ncols": 3,
    "nrows": 23,
    "path": "media/table/grad_norm/bucket_2/group_rv_table_0_1709508d2b4a642a6efe.table.json",
    "sha256": "1709508d2b4a642a6efed8ee9f78ee4f8af294f5001f38965875ef73f06d7542",
    "size": 915
  },
  "grad_norm/bucket_2/kl": 0.009338921189985493,
  "grad_norm/bucket_2/loss/entropy": -0.000668256110326514,
  "grad_norm/bucket_2/loss/kl": 0.000439831936753101,
  "grad_norm/bucket_2/loss/policy": 0.28288800675760617,
  "grad_norm/bucket_2/loss/total": 0.2826595805924047,
  "grad_norm/bucket_2/per_sample/entropy": 9.876264368075055e-05,
  "grad_norm/bucket_2/per_sample/kl": 2.779440830352825e-05,
  "grad_norm/bucket_2/per_sample/task": 0.020161108537153766,
  "grad_norm/bucket_2/per_token/entropy": 2.614250352676324e-07,
  "grad_norm/bucket_2/per_token/kl": 7.3571888116732e-08,
  "grad_norm/bucket_2/per_token/task": 5.336651910004778e-05,
  "grad_norm/bucket_2/reward_std_max": 0.15261606872081757,
  "grad_norm/bucket_2/reward_std_mean": 0.14751183986663818,
  "grad_norm/bucket_2/reward_std_min": 0.140830859541893,
  "grad_norm/bucket_2/sample_count": 336,
  "grad_norm/bucket_2/sample_pct": 0.1640625,
  "grad_norm/bucket_2/task": 6.774132468483665,
  "grad_norm/bucket_3/entropy": 0.03288351558148861,
  "grad_norm/bucket_3/group_rv_count": 23,
  "grad_norm/bucket_3/group_rv_table": {
    "_latest_artifact_path": "wandb-client-artifact://b14io4p73vk8p486rv1x2xoh6ms6w468nk5ff6a6g970wjoybqd731crvbh9a3l3k29yzjlnrevb47ph8kal7s6prhb25cl1lotysskk8uq4r48sfq0hww9dq6s7udt7:latest/grad_norm/bucket_3/group_rv_table.table.json",
    "_type": "table-file",
    "artifact_path": "wandb-client-artifact://jmj0xjj4akiod3ilyo0xdg3awoj2ulrkask7n50zsutu1xvoct8kdinqiy9od9wwlpf0vjhpnx4dhqyfys3y8wu9pr1d6js0hsimk6734vatf27lr6wffgrgya7oul2z/grad_norm/bucket_3/group_rv_table.table.json",
    "log_mode": "IMMUTABLE",
    "ncols": 3,
    "nrows": 23,