{
  "_runtime": 4716.557984762,
  "_step": 41,
  "_timestamp": 1769672873.7352393,
  "actor/entropy": 0.9907182455062866,
  "actor/entropy_loss": 1.0200914794841083,
  "actor/grad_norm": 2.504814982879907,
  "actor/grad_norm/entropy": 0.015234680016874336,
  "actor/grad_norm/kl": 0.03672610709327273,
  "actor/grad_norm/task": 9.744134833104908,
  "actor/kl_coef": 0.001,
  "actor/kl_loss": 1.5625007152557373,
  "actor/loss/entropy": -0.0009907182691186733,
  "actor/loss/kl": -0.0002334574404960002,
  "actor/loss/policy": 7.310518412850797e-09,
  "actor/loss/total": -0.0012241678928077704,
  "actor/pg_clipfrac": 0.050997513282368345,
  "actor/pg_clipfrac_lower": 0.00097437778862286,
  "actor/pg_loss": 0.00932582733912568,
  "actor/ppo_kl": 0.5698073535207886,
  "critic/advantages/max": 5.479394435882568,
  "critic/advantages/mean": -0.0731101706624031,
  "critic/advantages/min": -5.479766845703125,
  "critic/returns/max": 5.479394435882568,
  "critic/returns/mean": -0.0731101706624031,
  "critic/returns/min": -5.479766845703125,
  "critic/rewards/max": 10.899999618530273,
  "critic/rewards/mean": 0.7829711437225342,
  "critic/rewards/min": -1,
  "critic/score/max": 10.899999618530273,
  "critic/score/mean": 0.7829711437225342,
  "critic/score/min": -1,
  "global_seqlen/balanced_max": 54492923427.0,
  "global_seqlen/balanced_min": 54492923426.0,
  "global_seqlen/max": 55331969314.0,
  "global_seqlen/mean": 54492921856.0,
  "global_seqlen/min": 53537261356.0,
  "global_seqlen/minmax_diff": 1794707958.0,
  "grad_norm/all/entropy": 0.015234680016874336,
  "grad_norm/all/group_rv_count": 46,
  "grad_norm/all/group_rv_table": {
    "_latest_artifact_path": "wandb-client-artifact://pwepxtylnkdbsdfey5y1iuz0sxt60pwi0vq4itbnjck8no3qs0tz1jqv2uijxo3ll055bf8jhipjh9yr9gu1dxtfih2eub7ycdbic3c6zw47oqqm1d9vvlybbmwrvnes:latest/grad_norm/all/group_rv_table.table.json",
    "_type": "table-file",
    "artifact_path": "wandb-client-artifact://ywuz9f6f304l0x54ppzj2f6itmqpmeojtgl8dt54hiq3pg19w56spaxn2ej0jth6bxkh39ly5v3rw2ur3r5fjz76p4c147smtba4n2oe5s8l6ktw4cg3mh4loxslj8ch/grad_norm/all/group_rv_table.table.json",
    "log_mode": "IMMUTABLE",
    "ncols": 3,
    "nrows": 46,
    "path": "media/table/grad_norm/all/group_rv_table_0_668acd2486f6384e5f54.table.json",
    "sha256": "668acd2486f6384e5f541938fa4391fbc39e0a27b0e7dc153b7de2b60c728161",
    "size": 1548
  },
  "grad_norm/all/kl": 0.03672610709327273,
  "grad_norm/all/loss/entropy": -0.0009907182691186733,
  "grad_norm/all/loss/kl": -0.0002334574404960002,
  "grad_norm/all/loss/policy": 7.310518412850797e-09,
  "grad_norm/all/loss/total": -0.0012241678928077704,
  "grad_norm/all/per_sample/entropy": 1.8597021504973554e-06,
  "grad_norm/all/per_sample/kl": 4.483167369784269e-06,
  "grad_norm/all/per_sample/task": 0.0011894695841192515,
  "grad_norm/all/per_token/entropy": 9.436662477452708e-09,
  "grad_norm/all/per_token/kl": 2.274887797880391e-08,
  "grad_norm/all/per_token/task": 6.035710067618906e-06,
  "grad_norm/all/reward_std_max": 5.7384796142578125,
  "grad_norm/all/reward_std_mean": 1.8907151222229004,
  "grad_norm/all/reward_std_min": 0.01767767407000065,
  "grad_norm/all/sample_count": 8192,
  "grad_norm/all/sample_pct": 1,
  "grad_norm/all/task": 9.744134833104908,
  "grad_norm/bucket_1/entropy": 0.014646142721176147,
  "grad_norm/bucket_1/group_rv_count": 46,
  "grad_norm/bucket_1/group_rv_table": {
    "_latest_artifact_path": "wandb-client-artifact://11lrx06vo4q31jg5arzsoksb5jxkcsgrefgrqh0ws57bxrj3gdpptwtsypg041ml5qh0hkvacnr4rew5fie0xhws07io6wpye2hoeembykqup46ivc7t6jjn1sp8doyu:latest/grad_norm/bucket_1/group_rv_table.table.json",
    "_type": "table-file",
    "artifact_path": "wandb-client-artifact://2yei7t8r4a16unxd9iq7x0cd7a3gt683409qj2djjmtpeepxzhpc3i3ousvbpf0fasdf6bi5a9cwu1ukzzuxan6rrbnep3l4pqo4rkghq2bxric1hojwqcryjn8635y1/grad_norm/bucket_1/group_rv_table.table.json",
    "log_mode": "IMMUTABLE",
    "ncols": 3,
    "nrows": 46,
    "path": "media/table/grad_norm/bucket_1/group_rv_table_0_5b809a0a52433dc56019.table.json",
    "sha256": "5b809a0a52433dc5601916d5dfd57ea41411e0f27585aaec89cac0daf599a844",
    "size": 1778
  },
  "grad_norm/bucket_1/kl": 0.03754846813778082,
  "grad_norm/bucket_1/loss/entropy": -0.0009847848639851907,
  "grad_norm/bucket_1/loss/kl": -0.00029892355565002457,
  "grad_norm/bucket_1/loss/policy": -6.197729990595863e-08,
  "grad_norm/bucket_1/loss/total": -0.0012837701610156468,
  "grad_norm/bucket_1/per_sample/entropy": 1.0897427619922728e-05,
  "grad_norm/bucket_1/per_sample/kl": 2.793784831680121e-05,
  "grad_norm/bucket_1/per_sample/task": 0.0048068965153764435,
  "grad_norm/bucket_1/per_token/entropy": 5.1459670716044e-08,
  "grad_norm/bucket_1/per_token/kl": 1.3192769202421814e-07,
  "grad_norm/bucket_1/per_token/task": 2.269905527017624e-05,
  "grad_norm/bucket_1/reward_std_max": 0.07184212654829025,
  "grad_norm/bucket_1/reward_std_mean": 0.053641967475414276,
  "grad_norm/bucket_1/reward_std_min": 0.01767767407000065,
  "grad_norm/bucket_1/sample_count": 1344,
  "grad_norm/bucket_1/sample_pct": 0.1640625,
  "grad_norm/bucket_1/task": 6.46046891666594,
  "grad_norm/bucket_2/entropy": 0.014956765808165073,
  "grad_norm/bucket_2/group_rv_count": 46,
  "grad_norm/bucket_2/group_rv_table": {
    "_latest_artifact_path": "wandb-client-artifact://bw15m0baoind33myb8dezjn02jwe846a6szkb9mqozka4hgll0ceok1fa9i22nc6cnme9g8p80jbz2ppu8tj7yegulwk7g933jtf8r07rfih43o3kmv1eg3p8nws9crr:latest/grad_norm/bucket_2/group_rv_table.table.json",
    "_type": "table-file",
    "artifact_path": "wandb-client-artifact://rco898zthxryu4y9545usjcec8v7b1qin31aeakqj8dc8o6vvbzuzfuq8sivndft83fsld1zkuhsdx4f1wlj9hb4qgf4zu301331qaan6kcponzcft4vxmeqsaju1ash/grad_norm/bucket_2/group_rv_table.table.json",
    "log_mode": "IMMUTABLE",
    "ncols": 3,
    "nrows": 46,
    "path": "media/table/grad_norm/bucket_2/group_rv_table_0_79c496387c507c8c24a9.table.json",
    "sha256": "79c496387c507c8c24a9af327820eb37d1f20fb490031f0cf73d5b4c7b516519",
    "size": 1778
  },
  "grad_norm/bucket_2/kl": 0.03686524373257444,
  "grad_norm/bucket_2/loss/entropy": -0.0010016453387660953,
  "grad_norm/bucket_2/loss/kl": -0.0002955086337536949,
  "grad_norm/bucket_2/loss/policy": 2.2617833954947334e-08,
  "grad_norm/bucket_2/loss/total": -0.0012971303270508845,
  "grad_norm/bucket_2/per_sample/entropy": 1.112854598821806e-05,
  "grad_norm/bucket_2/per_sample/kl": 2.742949682483217e-05,
  "grad_norm/bucket_2/per_sample/task": 0.0045748684521502644,
  "grad_norm/bucket_2/per_token/entropy": 5.2301687262572336e-08,
  "grad_norm/bucket_2/per_token/kl": 1.2891252516015414e-07,
  "grad_norm/bucket_2/per_token/task": 2.1500862673802433e-05,
  "grad_norm/bucket_2/reward_std_max": 0.09069623053073883,
  "grad_norm/bucket_2/reward_std_mean": 0.08210748434066772,
  "grad_norm/bucket_2/reward_std_min": 0.07184211909770966,
  "grad_norm/bucket_2/sample_count": 1344,
  "grad_norm/bucket_2/sample_pct": 0.1640625,
  "grad_norm/bucket_2/task": 6.148623199689956,
  "grad_norm/bucket_3/entropy": 0.014800659757817075,
  "grad_norm/bucket_3/group_rv_count": 46,
  "grad_norm/bucket_3/group_rv_table": {
    "_latest_artifact_path": "wandb-client-artifact://uuxsdpr2o6rxn6bwr8qa4zsqoem3wwcdzenpmeyr2g13ytm40tgcp7lehzuzjdz8hdeyi1j73usmgq3806h6ulj5sr19tzqvmrqdiayr4nmjwm0t65ttbnqa6yihwuh6:latest/grad_norm/bucket_3/group_rv_table.table.json",
    "_type": "table-file",
    "artifact_path": "wandb-client-artifact://94wbxrrla8og5xsu7h6pnlw2eknn11hk3mmva1bm9viby5u8tv9fqpznc8gwxbi9dktcs4ntjipqcuuapgztqhkvozl7z76i9sqb0wreihgpz3omcbg3l93luna1v5eq/grad_norm/bucket_3/group_rv_table.table.json",
    "log_mode": "IMMUTABLE",
    "ncols": 3,
    "nrows": 46,
    "path": "media/table/grad_norm/bucket_3/group_rv_table_0_0e5cddaa16187829414a.table.json",
    "sha256": "0e5cddaa16187829414a8e7282f73228a8237130cbf3f869e409b5773098ecf9",
    "size": 1778
  },
  "grad_norm/bucket_3/kl": 0.037982192067872914,
  "grad_norm/bucket_3/loss/entropy": -0.0009818508004259673,