{
  "_runtime": 710.732801119,
  "_step": 1,
  "_timestamp": 1769675374.289553,
  "actor/entropy": 1.4381213188171387,
  "actor/entropy_loss": 1.4526685825549066,
  "actor/grad_norm": 3.196936252526939,
  "actor/grad_norm/entropy": 0.018315845169126987,
  "actor/grad_norm/kl": 0.00906954457241227,
  "actor/grad_norm/task": 4.654073594138026,
  "actor/kl_coef": 0.001,
  "actor/kl_loss": -0.004773539490997791,
  "actor/loss/entropy": -0.0014381214621721483,
  "actor/loss/kl": 0,
  "actor/loss/policy": 6.893969839438796e-09,
  "actor/loss/total": -0.0014381144197841422,
  "actor/pg_clipfrac": 0.020207520225312692,
  "actor/pg_clipfrac_lower": 0.0017438159701441691,
  "actor/pg_loss": 0.002817528416926507,
  "actor/ppo_kl": 0.0010946011323036409,
  "collapse/first_turn_num_total": 2048,
  "collapse/first_turn_num_valid": 1933,
  "collapse/first_turn_valid_rate": 0.94384765625,
  "collapse/valid_thinking_rate": 0.9364814040952779,
  "collapse_first_turn_sample/conditional_entropy_est": 1.5706818103790283,
  "collapse_first_turn_sample/conditional_entropy_seq_est": 81.29667663574219,
  "collapse_first_turn_sample/marginal_log_prob_mean": -1.710081696510315,
  "collapse_first_turn_sample/marginal_std": 0.6898007988929749,
  "collapse_first_turn_sample/marginal_std_ema": 0.6898007988929749,
  "collapse_first_turn_sample/marginal_std_ema_seq": 54.57896041870117,
  "collapse_first_turn_sample/marginal_std_seq": 54.57896041870117,
  "collapse_first_turn_sample/matched_log_prob_mean": -1.5706818103790283,
  "collapse_first_turn_sample/mi_estimate": 0.13939988613128662,
  "collapse_first_turn_sample/mi_seq_estimate": 2.0466511249542236,
  "collapse_first_turn_sample/mi_upper_bound": 3.970291913552122,
  "collapse_first_turn_sample/mi_zscore": 0.20179468393325806,
  "collapse_first_turn_sample/mi_zscore_ema": 0.20179468393325806,
  "collapse_first_turn_sample/mi_zscore_ema_seq": 0.037498217076063156,
  "collapse_first_turn_sample/mi_zscore_seq": 0.037498217076063156,
  "collapse_first_turn_sample/reasoning_entropy_est": 1.710081696510315,
  "collapse_first_turn_sample/reasoning_entropy_seq_est": 83.34332275390625,
  "collapse_first_turn_sample/retrieval_above_chance": 0.4498820754716981,
  "collapse_first_turn_sample/retrieval_above_chance@2": 0.5091391509433962,
  "collapse_first_turn_sample/retrieval_above_chance@4": 0.5339033018867925,
  "collapse_first_turn_sample/retrieval_above_chance@8": 0.5521816037735849,
  "collapse_first_turn_sample/retrieval_accuracy": 0.46875,
  "collapse_first_turn_sample/retrieval_accuracy@2": 0.546875,
  "collapse_first_turn_sample/retrieval_accuracy@4": 0.609375,
  "collapse_first_turn_sample/retrieval_accuracy@8": 0.703125,
  "collapse_first_turn_sample/retrieval_chance_level": 0.018867924528301886,
  "collapse_first_turn_sample/retrieval_chance_level@2": 0.03773584905660377,
  "collapse_first_turn_sample/retrieval_chance_level@4": 0.07547169811320754,
  "collapse_first_turn_sample/retrieval_chance_level@8": 0.1509433962264151,
  "critic/advantages/max": 3.7454159259796143,
  "critic/advantages/mean": -0.008035116828978062,
  "critic/advantages/min": -2.559276819229126,
  "critic/returns/max": 3.7454159259796143,
  "critic/returns/mean": -0.008035116828978062,
  "critic/returns/min": -2.559276819229126,
  "critic/rewards/max": 10.899999618530273,
  "critic/rewards/mean": 0.662841796875,
  "critic/rewards/min": -1,
  "critic/score/max": 10.899999618530273,
  "critic/score/mean": 0.662841796875,
  "critic/score/min": -1,
  "global_seqlen/balanced_max": 8480648073,
  "global_seqlen/balanced_min": 8480648072,
  "global_seqlen/max": 8697606703,
  "global_seqlen/mean": 8480648192,
  "global_seqlen/min": 8231939504,
  "global_seqlen/minmax_diff": 465667199,
  "grad_norm/all/entropy": 0.018315845169126987,
  "grad_norm/all/group_rv_count": 23,
  "grad_norm/all/group_rv_table": {
    "_latest_artifact_path": "wandb-client-artifact://kaqhnxjhi6iaol6k572734ph3sc2h35u6e31q3d5g6wjaao86h35k085qde6gkycqi96e5r1c3q26fbl969kjkeenh887h9iivcjaiwvrs1p12lozrfrlwscwkon5vye:latest/grad_norm/all/group_rv_table.table.json",
    "_type": "table-file",
    "artifact_path": "wandb-client-artifact://4wt72wvwlbibugscxofc4zbqov4hnukrh5gph53az2g3fvnftwed3ztkbhdkjdrk3xe28n0ifox831uf0syygg8z5zszisxt3qu8x01yq5s3xnupd4u4x6n91jk5o1xy/grad_norm/all/group_rv_table.table.json",
    "log_mode": "IMMUTABLE",
    "ncols": 3,
    "nrows": 23,
    "path": "media/table/grad_norm/all/group_rv_table_0_5c46622f729e907a677b.table.json",
    "sha256": "5c46622f729e907a677bcfb29f7bac2bd00d8624b15f8bd65402cb595820adab",
    "size": 802
  },
  "grad_norm/all/kl": 0.00906954457241227,
  "grad_norm/all/loss/entropy": -0.0014381214621721483,
  "grad_norm/all/loss/kl": 0,
  "grad_norm/all/loss/policy": 6.893969839438796e-09,
  "grad_norm/all/loss/total": -0.0014381144197841422,
  "grad_norm/all/per_sample/entropy": 8.943283773987787e-06,
  "grad_norm/all/per_sample/kl": 4.428488560748178e-06,
  "grad_norm/all/per_sample/task": 0.002272496872137708,
  "grad_norm/all/per_token/entropy": 2.0074843068472703e-08,
  "grad_norm/all/per_token/kl": 9.94055596738662e-09,
  "grad_norm/all/per_token/task": 5.1010366253219896e-06,
  "grad_norm/all/reward_std_max": 5.87581205368042,
  "grad_norm/all/reward_std_mean": 2.0014801025390625,
  "grad_norm/all/reward_std_min": 0.1087811291217804,
  "grad_norm/all/sample_count": 2048,
  "grad_norm/all/sample_pct": 1,
  "grad_norm/all/task": 4.654073594138026,
  "grad_norm/bucket_1/entropy": 0.0173655039715496,
  "grad_norm/bucket_1/group_rv_count": 23,
  "grad_norm/bucket_1/group_rv_table": {
    "_latest_artifact_path": "wandb-client-artifact://hob2v7dtvunonwypbbr13nui2iw8m95mpngcpn3db3cfjnsnq7vwkee1y5vt7ketqnj5e0zqx236bhhmsub7fc994grldx1jqn22vkkyb5saxfp9c8i84urgt33fk0k3:latest/grad_norm/bucket_1/group_rv_table.table.json",
    "_type": "table-file",
    "artifact_path": "wandb-client-artifact://o0iz31ryo511ertk5vxbzinp87t6jd3n72i7kbeh5wsdz5cj816o863jzoeur14zgm8quanc6eb700vzf53ts1cnoog6b03ejtcrz1oug64zf8jhualp1nks590gno0s/grad_norm/bucket_1/group_rv_table.table.json",
    "log_mode": "IMMUTABLE",
    "ncols": 3,
    "nrows": 23,
    "path": "media/table/grad_norm/bucket_1/group_rv_table_0_0828f219fb5bbdf55147.table.json",
    "sha256": "0828f219fb5bbdf551471b4d7c29e5630a7e1b4a18c14328e3d820ff62303397",
    "size": 917
  },
  "grad_norm/bucket_1/kl": 0.00703172834420746,
  "grad_norm/bucket_1/loss/entropy": -0.0014655524643049354,
  "grad_norm/bucket_1/loss/kl": 0,
  "grad_norm/bucket_1/loss/policy": 2.895969720113845e-08,
  "grad_norm/bucket_1/loss/total": -0.0014655232191130164,
  "grad_norm/bucket_1/per_sample/entropy": 5.16830475343738e-05,
  "grad_norm/bucket_1/per_sample/kl": 2.092776292918887e-05,
  "grad_norm/bucket_1/per_sample/task": 0.005835380582582383,
  "grad_norm/bucket_1/per_token/entropy": 1.0814305713418067e-07,
  "grad_norm/bucket_1/per_token/kl": 4.378983767620586e-08,
  "grad_norm/bucket_1/per_token/task": 1.2210113873842039e-05,
  "grad_norm/bucket_1/reward_std_max": 0.16683325171470642,
  "grad_norm/bucket_1/reward_std_mean": 0.1517658531665802,
  "grad_norm/bucket_1/reward_std_min": 0.1087811291217804,
  "grad_norm/bucket_1/sample_count": 336,
  "grad_norm/bucket_1/sample_pct": 0.1640625,
  "grad_norm/bucket_1/task": 1.9606878757476807,
  "grad_norm/bucket_2/entropy": 0.017329455522651024,
  "grad_norm/bucket_2/group_rv_count": 23,
  "grad_norm/bucket_2/group_rv_table": {
    "_latest_artifact_path": "wandb-client-artifact://ft21xoghs0ywov01621sv5ew0hzioke6s11lpikraqxx7gxdpll940ea2m1mrxm5nblf10eulqfrsk4p75stki6r3ykslzh2phjjzar4rqkdwv88qe4dr8idlizic2jl:latest/grad_norm/bucket_2/group_rv_table.table.json",
    "_type": "table-file",
    "artifact_path": "wandb-client-artifact://jexmfj8h93l9i0uwzip5lw1ykqfib0ze7y567pd6qarjs6ije8yk5oaz2t8f9j1xx2hlyw6ux9jire5dfwzsdo658asvdk9famaf1tb4ho9x76wujfic4ywtgkizvt2n/grad_norm/bucket_2/group_rv_table.table.json",
    "log_mode": "IMMUTABLE",
    "ncols": 3,
    "nrows": 23,